t,ep_len_mean,rew_per_step,approx_kl,explained_variance,value_loss,entropy_loss,clip_fraction,policy_gradient_loss,rail_hit_pct,mean_t_min,mean_x_pos_abs,mean_x_vel_abs,mean_energy,mean_theta_dot_abs,mean_theta_dev
50016.0,29.64,-0.3700875307017544,nan,nan,nan,nan,nan,nan,100.0,nan,nan,nan,nan,nan,nan
100032.0,31.03,-0.3557294914598775,nan,nan,nan,nan,nan,nan,100.0,nan,nan,nan,nan,nan,nan
150048.0,38.99,-0.31079915465503977,0.010260150767862797,-0.39789533615112305,0.09623212482647432,1.8235716337512713,0.13974761962890625,-0.010669990691314978,100.0,nan,nan,nan,nan,nan,nan
200064.0,52.17,-0.24438702281004412,0.010260150767862797,-0.39789533615112305,0.09623212482647432,1.8235716337512713,0.13974761962890625,-0.010669990691314978,100.0,nan,nan,nan,nan,nan,nan
250080.0,47.67,-0.2808507031676107,0.010260150767862797,-0.39789533615112305,0.09623212482647432,1.8235716337512713,0.13974761962890625,-0.010669990691314978,100.0,nan,nan,nan,nan,nan,nan
300096.0,154.16,-0.1414534881292164,0.016393650323152542,0.5101549625396729,0.18063118396494246,1.873195654596202,0.20988845825195312,-0.026445809682354594,100.0,nan,nan,nan,nan,nan,nan
350112.0,130.02,-0.1487154111675127,0.016393650323152542,0.5101549625396729,0.18063118396494246,1.873195654596202,0.20988845825195312,-0.026445809682354594,100.0,nan,nan,nan,nan,nan,nan
400128.0,123.58,-0.15368320294546045,0.016851874068379402,0.505217969417572,0.30732690285949504,1.922619344224222,0.20488662719726564,-0.026874944845815207,99.70588235294117,6.169198115080299,1.007998365093954,0.018604876357130706,0.001807576595253163,0.004152126762788072,0.020228552457391746
450144.0,446.89,-0.08242554510058406,0.016851874068379402,0.505217969417572,0.30732690285949504,1.922619344224222,0.20488662719726564,-0.026874944845815207,69.11764705882354,3.675084649859784,0.40176249295403804,0.04601895082201476,0.00445129433048438,0.008291572586605258,0.007179854736365658
500160.0,621.2,-0.07268430358982615,0.016851874068379402,0.505217969417572,0.30732690285949504,1.922619344224222,0.20488662719726564,-0.026874944845815207,60.869565217391305,4.283563190137339,0.5429943701371182,0.0457658656442719,0.006342767820290856,0.010441467620079461,0.01079575193395859
550176.0,659.44,-0.06780322864855028,0.019403113052248955,0.42171454429626465,0.1498724995551129,1.9835054227616638,0.21562576293945312,-0.02267269364054414,48.275862068965516,3.0621003823230306,0.2583157037178656,0.03565353597829623,0.0021494290667566484,0.0070488781489033035,0.008665595180032662
600192.0,884.37,-0.05050521856236643,0.019403113052248955,0.42171454429626465,0.1498724995551129,1.9835054227616638,0.21562576293945312,-0.02267269364054414,0.0,3.3147615283356915,0.30667446618812394,0.03212101893368526,0.005339200343482857,0.009242783689447759,0.007610667366224249
650208.0,991.44,-0.041351549433147734,0.019403113052248955,0.42171454429626465,0.1498724995551129,1.9835054227616638,0.21562576293945312,-0.02267269364054414,3.6363636363636362,3.0775023083933313,0.2696612493718759,0.03675490028179857,0.003550704097646044,0.007172706869151431,0.0070843057860198785
700224.0,991.44,-0.03632111547849593,0.021656230092048645,0.5208067893981934,0.018242963631473687,2.060289627162274,0.23145904541015624,-0.02467666283495191,0.0,2.714550009571333,0.19189009404099705,0.036910849458666795,0.0035829307008032833,0.00902068165729514,0.0069616263381199455
750240.0,1000.0,-0.026742305860000006,0.021656230092048645,0.5208067893981934,0.018242963631473687,2.060289627162274,0.23145904541015624,-0.02467666283495191,0.0,2.5863603774243495,0.17404564715532336,0.03495535121048586,0.0026900525944490235,0.006821751433821536,0.00629192016362816
800256.0,1000.0,-0.022496493279999995,0.022818084806203842,0.5629589557647705,0.004299760905712447,2.1497013341751883,0.22118072509765624,-0.024620102824377453,0.0,2.496830462741909,0.17631186270844648,0.035827954133033614,0.002471469687866202,0.00752759237045577,0.005640151140834372
850272.0,1000.0,-0.01880300147,0.022818084806203842,0.5629589557647705,0.004299760905712447,2.1497013341751883,0.22118072509765624,-0.024620102824377453,0.0,1.90263228290072,0.0923629276612364,0.024375030954952644,0.0017686092519279136,0.005331910927243988,0.004098484769345317
900288.0,1000.0,-0.015162174309999997,0.022818084806203842,0.5629589557647705,0.004299760905712447,2.1497013341751883,0.22118072509765624,-0.024620102824377453,0.0,1.9599849493135093,0.09722316263128288,0.024758914515954206,0.002032436498957221,0.00543495652924474,0.004259398152957616
950304.0,1000.0,-0.01440645546,0.02259105071425438,0.7106074094772339,0.0014729495506074386,2.248488790995907,0.19979324340820312,-0.01900283810899168,0.0,1.8928529407942691,0.08759487217535292,0.022309340308043723,0.0012163507758103692,0.005472937306861922,0.004012247057140123
1000320.0,1000.0,-0.012596260680000006,0.02259105071425438,0.7106074094772339,0.0014729495506074386,2.248488790995907,0.19979324340820312,-0.01900283810899168,0.0,1.757002189899702,0.0799554314001701,0.021636664175881986,0.0009846487498197185,0.00462608973713657,0.0034917934478699195
1050336.0,1000.0,-0.010822027760000002,0.021918948739767075,0.7170942425727844,0.0007683890817112626,2.3358445053338075,0.20552978515625,-0.017937977359264324,0.0,1.6517913585486474,0.06938908219294093,0.025698492886423244,0.0014122953027539502,0.0054825440970519045,0.003978658764412434
1100352.0,1000.0,-0.01012021288,0.021918948739767075,0.7170942425727844,0.0007683890817112626,2.3358445053338075,0.20552978515625,-0.017937977359264324,0.0,1.4413791376654412,0.05356133863481447,0.023741625423459686,0.0005096384237507813,0.003849306012815053,0.002823582203392531
1150368.0,1000.0,-0.009108884279999998,0.021918948739767075,0.7170942425727844,0.0007683890817112626,2.3358445053338075,0.20552978515625,-0.017937977359264324,0.0,1.6241080898913105,0.05873504682233982,0.023325719852911552,0.000775234463802481,0.0037827524987058673,0.003267976236798893
1200384.0,1000.0,-0.00849775226,0.020504742860794067,0.8281993865966797,0.0005284059770303884,2.420983458322007,0.19654083251953125,-0.016960452184156337,0.0,1.337755535100273,0.048575773182097624,0.02052312484347904,0.000591015568391249,0.0035444360502446238,0.0030851310183347045
1250400.0,1000.0,-0.007811322870000002,0.020504742860794067,0.8281993865966797,0.0005284059770303884,2.420983458322007,0.19654083251953125,-0.016960452184156337,0.0,1.2337108157163221,0.04007101334579428,0.02066784202767675,0.0007413427415893902,0.004243478049362972,0.0027653907928921044
1300416.0,1000.0,-0.00704139094,0.020504742860794067,0.8281993865966797,0.0005284059770303884,2.420983458322007,0.19654083251953125,-0.016960452184156337,0.0,1.2775155882097884,0.041432035988622856,0.016739368266980647,0.0007724206460774372,0.0038120688171688717,0.0022185520625377835
1350432.0,1000.0,-0.006525791280000001,0.02040082961320877,0.8763031363487244,0.0004516641044567393,2.5160181113751605,0.17446746826171874,-0.01360459316114202,0.0,1.1524137756487327,0.03271453251237171,0.017235897776908645,0.0005265607007406743,0.003504872576197614,0.0022516865542774518
1400448.0,1000.0,-0.0059438365799999995,0.02040082961320877,0.8763031363487244,0.0004516641044567393,2.5160181113751605,0.17446746826171874,-0.01360459316114202,0.0,1.1729668293118265,0.029761896311829333,0.017425058129956598,0.0006058893955659443,0.0036293277272936315,0.0022280109008951943
1450464.0,1000.0,-0.0059186406,0.018047885969281197,0.8994841575622559,0.00033536181230617854,2.598328334267717,0.16256484985351563,-0.011857222252342581,0.0,1.123037936683138,0.030475877752232244,0.0165372410844645,0.0006496527749910111,0.004101253451067446,0.002390892978708705
1500480.0,1000.0,-0.005643979320000001,0.018047885969281197,0.8994841575622559,0.00033536181230617854,2.598328334267717,0.16256484985351563,-0.011857222252342581,0.0,1.0539651132841505,0.02952863551500412,0.016004170192048906,0.0003817416745708252,0.0031339800822388388,0.002025130253276255
1550496.0,1000.0,-0.005275712719999999,0.018047885969281197,0.8994841575622559,0.00033536181230617854,2.598328334267717,0.16256484985351563,-0.011857222252342581,0.0,1.185787915273553,0.03330659711425072,0.015475619018616271,0.0004513999927772913,0.002940993346926821,0.0024602757625697027
1600512.0,1000.0,-0.00519549741,0.019451644271612167,0.8637153506278992,0.0002351223063169705,2.685497155971825,0.166485595703125,-0.010279980119622677,0.0,1.0876448737125415,0.026771954595935076,0.01884329624685368,0.00035937737589744395,0.0031660789719769166,0.0022083932102244363
1650528.0,1000.0,-0.00489211757,0.019451644271612167,0.8637153506278992,0.0002351223063169705,2.685497155971825,0.166485595703125,-0.010279980119622677,0.0,1.0109010367446631,0.022306374164658006,0.01677155912766466,0.0004250251040027378,0.0032641647155231914,0.001979842377209112
1700544.0,1000.0,-0.004766400990000001,0.019451644271612167,0.8637153506278992,0.0002351223063169705,2.685497155971825,0.166485595703125,-0.010279980119622677,0.0,1.044685969120652,0.025723367165018645,0.015494808701716581,0.00042776801183294513,0.0032756880662727903,0.0020369553265622287
1750560.0,1000.0,-0.00504426681,0.01732676662504673,0.9440796375274658,0.000192244684155618,2.7605124295921994,0.16442184448242186,-0.010749829234038088,0.0,0.9474628943502473,0.020533457195829125,0.01683719388957423,0.000386281951581452,0.003040896700844272,0.0021799159431885725
1800576.0,1000.0,-0.004659093329999999,0.01732676662504673,0.9440796375274658,0.000192244684155618,2.7605124295921994,0.16442184448242186,-0.010749829234038088,0.0,0.9571418589253338,0.023510414754053605,0.014757235013367252,0.0003157009623513435,0.0029381527087107826,0.002152862681836352
1850592.0,1000.0,-0.00426301291,0.01717405766248703,0.9473941922187805,0.00017753435378464744,2.821320923930034,0.17318038940429686,-0.01088858673335551,0.0,0.9497852673657751,0.02053292788474994,0.016953912186128198,0.0006862854662610198,0.004227494688668861,0.0022793868729535185
1900608.0,1000.0,-0.00413545319,0.01717405766248703,0.9473941922187805,0.00017753435378464744,2.821320923930034,0.17318038940429686,-0.01088858673335551,0.0,0.9633718651345676,0.022269462492449047,0.016676084056248677,0.0003670181001364789,0.0031121414950815588,0.0021990175153595412
1950624.0,1000.0,-0.0038862761300000005,0.01717405766248703,0.9473941922187805,0.00017753435378464744,2.821320923930034,0.17318038940429686,-0.01088858673335551,0.0,0.9276265782672941,0.018817622595436304,0.015475044125038117,0.00040683806784970504,0.003278595890014132,0.00171334991166427
2000640.0,1000.0,-0.004059219869999999,0.0165657177567482,0.9452036619186401,0.00012654093786839126,2.884598427894525,0.16593093872070314,-0.010066607946663452,0.0,0.87952507011414,0.017525148380189894,0.015842141464990737,0.00046365210108081337,0.003767250243668393,0.0017422659709067315
2050656.0,1000.0,-0.00393605732,0.0165657177567482,0.9452036619186401,0.00012654093786839126,2.884598427894525,0.16593093872070314,-0.010066607946663452,0.0,0.8487176161027433,0.015234769758845164,0.016964709654820716,0.00031681615868141077,0.003223184518721588,0.0020723427988762525
2100672.0,1000.0,-0.00374005243,0.018131187185645103,0.9509509205818176,9.985184938066105e-05,2.9620011995430104,0.15791397094726561,-0.00886934814933511,0.0,0.8865976916035936,0.017916291833109495,0.01838616542295742,0.00025548815895128345,0.0030188850175238576,0.0016558441962356374
2150688.0,1000.0,-0.003610248530000001,0.018131187185645103,0.9509509205818176,9.985184938066105e-05,2.9620011995430104,0.15791397094726561,-0.00886934814933511,0.0,0.888852004121236,0.01732499232093687,0.01324081208171581,0.0003317145597862213,0.003093591745088237,0.0014997622548928037
2200704.0,1000.0,-0.00332274364,0.018131187185645103,0.9509509205818176,9.985184938066105e-05,2.9620011995430104,0.15791397094726561,-0.00886934814933511,0.0,0.8669171542424726,0.0171945439841354,0.014053063410221297,0.0003313667245336237,0.002746775922585295,0.001505647867106993
2250720.0,1000.0,-0.00327230954,0.01805485039949417,0.9631516933441162,7.987193687621907e-05,3.0407760599860922,0.17357940673828126,-0.010313955847020394,0.0,0.8004603960109832,0.01564015349414955,0.014950109454078318,0.0001844646415712493,0.002598660189480176,0.001881544161303167
2300736.0,1000.0,-0.0031803061199999995,0.01805485039949417,0.9631516933441162,7.987193687621907e-05,3.0407760599860922,0.17357940673828126,-0.010313955847020394,0.0,0.8755537553654889,0.014691674107780273,0.016156320453774242,0.0003757069479291874,0.003547694892020003,0.001857709095762522
2350752.0,1000.0,-0.0029446721599999995,0.01805485039949417,0.9631516933441162,7.987193687621907e-05,3.0407760599860922,0.17357940673828126,-0.010313955847020394,0.0,0.8839308829659674,0.01526571310144694,0.013744037812655591,0.00029362634406178146,0.002997011033769578,0.0014549701826462303
2400768.0,1000.0,-0.00288449726,0.018273990601301193,0.9433435797691345,6.631665697218737e-05,3.1244105895166285,0.15822219848632812,-0.009029525193943755,0.0,0.7925107556364803,0.012538156483297707,0.01717750144084478,0.0003442918345534362,0.0036237142989131257,0.0013314825083495748
2450784.0,1000.0,-0.0027266823200000007,0.018273990601301193,0.9433435797691345,6.631665697218737e-05,3.1244105895166285,0.15822219848632812,-0.009029525193943755,0.0,0.8024356459357441,0.013373487365242909,0.015210872255660693,0.0002902740076301839,0.0031354645773085466,0.001294602455425223
2500800.0,1000.0,-0.0028750841400000003,0.01842774823307991,0.9665517210960388,5.32725581081861e-05,3.2063952577766033,0.17443389892578126,-0.010503986306343905,0.0,0.8461827496187749,0.01288479496108029,0.017956767913979686,0.0003021788531536493,0.003512447558122943,0.0011044057112462543
2550816.0,1000.0,-0.0028526510399999997,0.01842774823307991,0.9665517210960388,5.32725581081861e-05,3.2063952577766033,0.17443389892578126,-0.010503986306343905,0.0,0.9135918771622804,0.014834937522263156,0.016814372077979166,0.0002153065032187989,0.002896085172709073,0.0013627787963981883
2600832.0,1000.0,-0.0027303926399999995,0.01842774823307991,0.9665517210960388,5.32725581081861e-05,3.2063952577766033,0.17443389892578126,-0.010503986306343905,0.0,0.8088798576430889,0.012079060033714513,0.015648629123164455,0.0002766494120817124,0.003152967620503605,0.001521471249533864
2650848.0,1000.0,-0.0028185088900000003,0.020342141389846802,0.9753363132476807,5.108706450918099e-05,3.296020586276427,0.18753738403320314,-0.01150985883366502,0.0,0.7701128585123835,0.011671014359807504,0.016214681129449494,0.0003262773425226516,0.0035615628171303303,0.0013333439635519744
2700864.0,1000.0,-0.0027454374900000005,0.020342141389846802,0.9753363132476807,5.108706450918099e-05,3.296020586276427,0.18753738403320314,-0.01150985883366502,0.0,0.7859218436042886,0.011291319392932144,0.015330502480957455,0.00026912828026409057,0.0031118501612947542,0.001384712647593203
2750880.0,1000.0,-0.00253319029,0.020342141389846802,0.9753363132476807,5.108706450918099e-05,3.296020586276427,0.18753738403320314,-0.01150985883366502,0.0,0.7889126086158094,0.010351886451921335,0.016510385123420627,0.00035821250919134355,0.003737584142123133,0.0016148686831326483
2800896.0,1000.0,-0.0024241815299999997,0.021452758461236954,0.9795515537261963,4.452833426722424e-05,3.3769608407397755,0.19674530029296874,-0.012705701679527693,0.0,0.662735808782059,0.008977105231510737,0.011877705496570141,0.00022537959261247997,0.0026235350854637543,0.0012029443473302675
2850912.0,1000.0,-0.00238433189,0.021452758461236954,0.9795515537261963,4.452833426722424e-05,3.3769608407397755,0.19674530029296874,-0.012705701679527693,0.0,0.7240710178539997,0.00905586272091704,0.01590760001458198,0.00036945514127357734,0.003729137952518673,0.001093084321068181
2900928.0,1000.0,-0.0024889388000000003,0.02186301350593567,0.9872176051139832,5.350985340476511e-05,3.4672804709873164,0.193316650390625,-0.011288263450165915,0.0,0.7400500397248823,0.010822941457143246,0.01294733273710524,0.000251082629507782,0.0029320247208919187,0.0011720955917151736
2950944.0,1000.0,-0.00244151191,0.02186301350593567,0.9872176051139832,5.350985340476511e-05,3.4672804709873164,0.193316650390625,-0.011288263450165915,0.0,0.6532908871370126,0.00932482725788166,0.012678912308136047,0.00021302309445547354,0.0026468765870021177,0.0010553741010255093
3000960.0,1000.0,-0.00228977333,0.02186301350593567,0.9872176051139832,5.350985340476511e-05,3.4672804709873164,0.193316650390625,-0.011288263450165915,0.0,0.6163923451245826,0.008465310894350226,0.010375428033792279,0.0001886556846291192,0.0023583913943862047,0.00139972944636453
