start_speed,ep_steps,ep_reward,terminated,truncated,no_crash,t_min_start,t_min_min,t_min_final,t_min_mean_last100,t_min_settle_step,x_pos_final,x_vel_final,theta_final,theta_dot_final,energy_final,acc_final
-10.0,1000,-1333.7904604219343,False,True,True,0.0,0.09571298050583978,0.3929830137415855,0.3929829064524816,218,-0.003860890632495284,-3.026798367500305e-09,3.141592653589793,6.925572223834413e-10,7.600218791417165e-18,-6.05359673500061e-09
-9.8,1000,-1260.190000059176,False,True,True,0.0,0.07104737253139767,0.3929826546421808,0.3929828522836574,211,-0.0038608848117291927,3.259629011154175e-09,3.141592653589793,-3.1856749344381956e-10,2.7346027314564797e-21,6.05359673500061e-09
-9.6,1000,-1205.073684698858,False,True,True,0.0,0.05060963205877658,0.3929827754645661,0.3929828663590814,211,-0.0038608871400356293,3.026798367500305e-09,3.141592653589793,-8.278227418518081e-10,1.3788753538936734e-17,6.984919309616089e-09
-9.4,1000,-1156.5401522408426,False,True,True,0.0,0.07204726883012029,0.392982716217531,0.3929828235066512,211,-0.003860885975882411,3.026798367500305e-09,3.141592653589793,-6.410967416789279e-10,5.7263000770827184e-18,6.05359673500061e-09
-9.2,1000,-1108.574515553985,False,True,True,0.0,0.09638217526369988,0.39298275176575315,0.39298285905486624,211,-0.003860886674374342,3.026798367500305e-09,3.141592653589793,-6.033815295408177e-10,4.521075402362246e-18,6.05359673500061e-09
-9.0,1000,-1050.1247818666488,False,True,True,0.0,0.049891823437064886,0.3929827636151598,0.3929828709042706,211,-0.0038608869072049856,3.026798367500305e-09,3.141592653589793,-6.514071049059611e-10,6.080535377774916e-18,6.05359673500061e-09
-8.8,1000,-1000.3460802590313,False,True,True,0.0,0.05211053300113397,0.39298297120846126,0.392982856820517,204,-0.003860889934003353,-2.3283064365386963e-09,3.141592653589793,1.3112824925657602e-09,5.815291952107377e-17,-3.259629011154175e-09
-8.6,1000,-944.8920152842953,False,True,True,0.0,0.05631577927987103,0.39298273505185705,0.3929828494397966,204,-0.0038608862087130547,2.3283064365386963e-09,3.141592653589793,2.900704919612345e-10,1.3671279881378275e-17,1.3969838619232178e-09
-8.4,1000,-897.6451907161393,False,True,True,0.0,0.025416831485927105,0.39298280594042156,0.39298284720546606,204,-0.003860887372866273,1.1641532182693481e-09,3.141592653589793,-2.46697642263218e-10,8.486741509131182e-19,2.3283064365386963e-09
-8.2,1000,-853.252347226489,False,True,True,0.0,0.07608162131124557,0.3929827043681229,0.3929828116572453,197,-0.0038608857430517673,3.026798367500305e-09,3.141592653589793,-6.438860312605132e-10,5.821083358616266e-18,6.05359673500061e-09
-8.0,1000,-811.8002915567873,False,True,True,0.0,0.09963052205689255,0.3929827777928722,0.392982881475602,197,-0.0038608871400356293,2.7939677238464355e-09,3.141592653589793,-7.461913197258477e-10,1.0894857471373982e-17,6.05359673500061e-09
-7.8,1000,-771.990440485207,False,True,True,0.0,0.11760282660892,0.39298269251871437,0.3929828316656907,197,-0.0038608855102211237,3.026798367500305e-09,3.141592653589793,-6.624189129742355e-10,6.4706101481322205e-18,6.05359673500061e-09
-7.6,1000,-728.5907845152149,False,True,True,0.0,0.0798512902110815,0.3929828605308335,0.3929828886359649,197,-0.003860888537019491,1.6298145055770874e-09,3.141592653589793,1.353099225467482e-10,4.448887163427116e-18,2.3283064365386963e-09
-7.4,1000,-684.0390794611264,False,True,True,0.0,0.05460971834998423,0.3929827634072839,0.3929828824235543,191,-0.003860886674374342,1.862645149230957e-09,3.141592653589793,-3.2610385981312157e-10,9.7775211896358e-19,2.3283064365386963e-09
-7.2,1000,-643.6794688749009,False,True,True,0.0,0.05459855808906847,0.39298262163013664,0.39298284119592863,198,-0.0038608843460679054,4.190951585769653e-09,3.141592653589793,-2.399315531560155e-10,1.60497987537169e-18,4.190951585769653e-09
-7.0,1000,-606.8141253288721,False,True,True,0.0,0.0459598518274967,0.39298280319636714,0.3929828756016196,198,-0.0038608869072049856,-9.313225746154785e-10,3.141592653589793,-6.081160044560909e-10,2.458745624212546e-17,-4.656612873077393e-10
-6.8,1000,-568.6118684736741,False,True,True,0.0,0.0827918888997606,0.3929830160698923,0.39298286250823367,191,-0.003860890632495284,-3.259629011154175e-09,3.141592653589793,8.796771573191454e-10,1.5329973876162385e-17,-6.05359673500061e-09
-6.6,1000,-532.8018897758827,False,True,True,0.0,0.07697595601376368,0.3929827636151598,0.3929828709042706,191,-0.0038608869072049856,3.026798367500305e-09,3.141592653589793,-6.353529443495447e-10,5.533569825995895e-18,6.05359673500061e-09
-6.4,1000,-498.902047472212,False,True,True,0.0,0.05286604864522815,0.3929829047686571,0.39298288147559873,191,-0.003860888537019491,-2.7939677238464355e-09,3.141592653589793,4.94239223489329e-10,2.30786393983346e-18,-6.05359673500061e-09
-6.2,1000,-465.2317379465558,False,True,True,0.0,0.06570920765655855,0.3929828952475598,0.3929827879584327,184,-0.0038608883041888475,-3.026798367500305e-09,3.141592653589793,6.277988749783719e-10,5.2851194509260865e-18,-6.05359673500061e-09
-6.0,1000,-432.33180080815634,False,True,True,0.0,0.07420974025632948,0.3929829521662703,0.3929828381491835,184,-0.003860889468342066,-2.7939677238464355e-09,3.141592653589793,4.963542828341184e-10,2.3535280670216984e-18,-4.190951585769653e-09
-5.8,1000,-401.1394127136533,False,True,True,0.0,0.09765841727872698,0.3929827680638964,0.3929828695330503,184,-0.003860886674374342,1.3969838619232178e-09,3.141592653589793,-2.5395338438316125e-10,6.527102305794368e-19,4.656612873077393e-10
-5.6,1000,-371.2131705186369,False,True,True,0.0,0.06075857679101069,0.3929827636151598,0.3929828563041366,178,-0.0038608869072049856,3.026798367500305e-09,3.141592653589793,-7.443143988435481e-10,9.752054321776653e-18,6.05359673500061e-09
-5.4,1000,-341.90599174201344,False,True,True,0.0,0.0713961442514305,0.3929830255909861,0.3929829183018846,185,-0.0038608908653259277,-3.026798367500305e-09,3.141592653589793,6.258402367090259e-10,5.22163220508289e-18,-6.05359673500061e-09
-5.2,1000,-313.2206660320236,False,True,True,0.0,0.05731505268814888,0.3929827043681229,0.3929828116572453,178,-0.0038608857430517673,3.026798367500305e-09,3.141592653589793,-6.101508640479538e-10,4.726921631382015e-18,6.05359673500061e-09
-5.0,1000,-285.4717430654371,False,True,True,0.0,0.08074823566712111,0.39298279409101566,0.39298285687956136,178,-0.0038608871400356293,1.1641532182693481e-09,3.141592653589793,7.210896149082377e-10,3.5070725952789265e-17,-4.656612873077393e-10
-4.8,1000,-259.12093534324816,False,True,True,0.0,0.07860049735339959,0.3929828766211063,0.3929828652165561,171,-0.0038608883041888475,-1.1641532182693481e-09,3.141592653589793,5.203218485522525e-10,8.157024116565484e-18,-2.3283064365386963e-09
-4.6,1000,-233.69461498065345,False,True,True,0.0,0.07935760542750359,0.39298275579873826,0.3929828512425606,165,-0.003860885975882411,-9.313225746154785e-10,3.141592653589793,-3.0590175254744195e-11,7.653620178618706e-19,4.656612873077393e-10
-4.4,1000,-210.1259810387225,False,True,True,0.0,0.018669110722839832,0.39298270669642893,0.392982842897245,172,-0.0038608857430517673,2.7939677238464355e-09,3.141592653589793,-1.2986534780278173e-10,1.1179823468740516e-18,5.122274160385132e-09
-4.2,1000,-186.7410262221534,False,True,True,0.0,0.05234054426133787,0.39298275642236535,0.39298286910149294,172,-0.003860886674374342,2.561137080192566e-09,3.141592653589793,-5.180425956783138e-10,3.4303371095155513e-18,6.05359673500061e-09
-4.0,1000,-165.48071388372028,False,True,True,0.0,0.04046300879329093,0.39298288148559085,0.3929828776837918,165,-0.003860888537019491,-4.656612873077393e-10,3.141592653589793,2.1607511432466477e-10,1.4366648098534945e-18,-3.259629011154175e-09
-3.8,1000,-145.64796107298173,False,True,True,0.0,0.08725051623999365,0.39298275176575315,0.39298285905486624,159,-0.003860886674374342,3.026798367500305e-09,3.141592653589793,-6.416970982824769e-10,5.746635180847956e-18,6.05359673500061e-09
-3.6,1000,-127.25667992128476,False,True,True,0.0,0.07348407972506903,0.3929827754645661,0.3929828827536747,159,-0.0038608871400356293,3.026798367500305e-09,3.141592653589793,-6.019354749870247e-10,4.477696850831539e-18,6.05359673500061e-09
-3.4,1000,-110.22736972304455,False,True,True,0.0,0.10408074618354658,0.39298275176575315,0.39298285905486624,159,-0.003860886674374342,3.026798367500305e-09,3.141592653589793,-6.204010250453489e-10,5.047337674589458e-18,6.05359673500061e-09
-3.2,1000,-94.37540596097367,False,True,True,0.0,0.09322680068805006,0.39298299237108997,0.392982857963053,152,-0.0038608901668339968,-3.259629011154175e-09,3.141592653589793,7.618794787802181e-10,9.50116313414961e-18,-6.05359673500061e-09
-3.0,1000,-79.63756993788161,False,True,True,0.0,0.06170475580857276,0.3929830042204913,0.39298288270295095,146,-0.0038608903996646404,-3.259629011154175e-09,3.141592653589793,5.161502696091887e-10,1.8085617567292743e-18,-6.05359673500061e-09
-2.8,1000,-66.38883835686259,False,True,True,0.0,0.05752855819080659,0.39298294285304347,0.39298285786990994,146,-0.003860889468342066,-1.862645149230957e-09,3.141592653589793,3.8010794497331483e-10,1.87876376868171e-18,-3.259629011154175e-09
-2.6,1000,-54.64687824195276,False,True,True,0.0,0.04117938570522046,0.39298283703989856,0.3929828947469342,139,-0.0038608883041888475,2.7939677238464355e-09,3.141592653589793,-4.34651491292252e-10,1.2052013871540262e-18,6.05359673500061e-09
-2.4,1000,-44.30765870069381,False,True,True,0.0,0.036617381949829005,0.39298292846746447,0.3929828559740129,140,-0.0038608890026807785,-2.7939677238464355e-09,3.141592653589793,2.679920248867394e-10,6.503413274547589e-21,-6.05359673500061e-09
-2.2,1000,-35.415881984866616,False,True,True,0.0,0.0702115202832348,0.3929829900427832,0.3929828626520934,140,-0.0038608901668339968,-3.026798367500305e-09,3.141592653589793,4.421487907328492e-10,9.725794562530798e-19,-5.122274160385132e-09
-2.0,1000,-27.471684030168166,False,True,True,0.0,0.08037918701056726,0.3929828364162785,0.3929828732741442,133,-0.0038608876056969166,-6.984919309616089e-10,3.141592653589793,-6.471893283334715e-10,2.570721206069967e-17,1.3969838619232178e-09
-1.8,1000,-20.493659461890168,False,True,True,0.0,0.036464110016822815,0.3929826855337963,0.3929828727577537,134,-0.0038608855102211237,3.725290298461914e-09,3.141592653589793,-1.2268996813293657e-09,3.6497460505789185e-17,5.122274160385132e-09
-1.6,1000,-14.779560958938948,False,True,True,0.0,0.06709994497900484,0.39298258861809154,0.39298285361245205,127,-0.003860883880406618,5.122274160385132e-09,3.141592653589793,-1.1196832610711423e-09,1.8450130183215276e-17,7.916241884231567e-09
-1.4,1000,-10.252443299528176,False,True,True,0.0,0.0987925446282024,0.3929827682717721,0.39298287726053444,121,-0.0038608869072049856,2.561137080192566e-09,3.141592653589793,-9.816308483848005e-10,2.6318756048209816e-17,6.05359673500061e-09
-1.2,1000,-6.7132406443250305,False,True,True,0.0,0.03581171462927208,0.39298298052168834,0.3929828627959429,121,-0.003860889934003353,-3.259629011154175e-09,3.141592653589793,8.854421944824157e-10,1.5650853985321777e-17,-5.122274160385132e-09
-1.0,1000,-4.0744480793023605,False,True,True,0.0,0.030965754618105773,0.3929830863348351,0.3929828716069183,108,-0.0038608910981565714,-7.916241884231567e-09,3.141592653589793,9.426048385929795e-10,1.1397578362851196e-18,-1.4435499906539917e-08
-0.8,1000,-2.298400737556328,False,True,True,0.0,0.08233399292962011,0.39298293079577123,0.39298282824641345,108,-0.0038608890026807785,-3.026798367500305e-09,3.141592653589793,6.303546206973863e-10,5.368538201747314e-18,-6.05359673500061e-09
-0.6,1000,-1.2843964242931305,False,True,True,0.0,0.062374195686664066,0.39298281080490843,0.39298287456052344,108,-0.0038608876056969166,1.862645149230957e-09,3.141592653589793,3.1365584013825446e-10,1.2496018070233321e-17,2.3283064365386963e-09
-0.4,1000,-0.7534500635040172,False,True,True,0.0,0.042412611067590644,0.3929828795730284,0.39298284237256403,95,-0.0038608890026807785,2.0954757928848267e-09,3.141592653589793,1.1027444287654925e-10,5.114306293086508e-18,3.259629011154175e-09
-0.2,1000,-0.5161380287432122,False,True,True,0.0,0.06271086595485993,0.3929823911694703,0.3929828757537818,95,-0.0038608817849308252,1.4202669262886047e-08,3.141592653589793,-3.209545885847646e-09,1.6007595975603426e-16,2.8405338525772095e-08
0.2,1000,-0.5436397898510311,False,True,True,0.0,0.03997672121002476,0.3929830160698923,0.3929828945523547,98,-0.003860890632495284,-3.259629011154175e-09,3.141592653589793,5.161433522936149e-10,1.8084302005171353e-18,-6.05359673500061e-09
0.4,1000,-0.7811198595228219,False,True,True,0.0,0.05460252577164326,0.39298300189218455,0.39298288701114314,105,-0.0038608903996646404,-3.026798367500305e-09,3.141592653589793,5.60577541186295e-10,3.32556129767474e-18,-6.05359673500061e-09
0.6,1000,-1.2250573621034613,False,True,True,0.0,0.045585833473860075,0.39298297819338146,0.3929828709042706,105,-0.003860889934003353,-3.026798367500305e-09,3.141592653589793,6.191633627111543e-10,5.008091110239265e-18,-6.05359673500061e-09
0.8,1000,-2.21925707098886,False,True,True,0.0,0.06951543255179914,0.39298300189218455,0.3929828908112687,104,-0.0038608903996646404,-3.026798367500305e-09,3.141592653589793,5.49226541324474e-10,3.039263876825898e-18,-6.05359673500061e-09
1.0,1000,-3.9666501454650356,False,True,True,0.0,0.06136388857118172,0.3929827754645661,0.39298286010426353,111,-0.0038608871400356293,3.026798367500305e-09,3.141592653589793,-5.683525054353217e-10,3.529098344318223e-18,6.05359673500061e-09
1.2,1000,-6.607306854938837,False,True,True,0.0,0.07146185167892835,0.3929830042204913,0.39298288270295095,111,-0.0038608903996646404,-3.259629011154175e-09,3.141592653589793,5.098544619998432e-10,1.6908053082255226e-18,-6.05359673500061e-09
1.4,1000,-10.161829277613425,False,True,True,0.0,0.09879615064832088,0.3929829070969639,0.3929827998078391,124,-0.003860888537019491,-3.026798367500305e-09,3.141592653589793,6.33008896217668e-10,5.455864376438698e-18,-6.05359673500061e-09
1.6,1000,-14.673096805702075,False,True,True,0.0,0.05792979510180712,0.39298300189218455,0.39298288806054515,124,-0.0038608903996646404,-3.026798367500305e-09,3.141592653589793,5.268775746414804e-10,2.513231283782162e-18,-6.05359673500061e-09
1.8,1000,-20.40088209647899,False,True,True,0.0,0.013617390048297123,0.3929828954554303,0.39298285568630936,130,-0.003860888537019491,-1.862645149230957e-09,3.141592653589793,2.2032367451047783e-10,5.800131758993828e-20,-3.259629011154175e-09
2.0,1000,-27.472997200662668,False,True,True,0.0,0.03762229811400175,0.39298298284999517,0.39298284663834787,137,-0.003860889934003353,-3.4924596548080444e-09,3.141592653589793,1.2326019381552965e-09,3.901588872298489e-17,-6.984919309616089e-09
2.2,1000,-35.765528973642915,False,True,True,0.0,0.0926149868780787,0.3929828133410891,0.3929828949331987,136,-0.0038608878385275602,2.7939677238464355e-09,3.141592653589793,-6.451852950738415e-10,6.690062166557297e-18,6.05359673500061e-09
2.4,1000,-44.58822200128287,False,True,True,0.0,0.11342764560068756,0.3929830279192929,0.39298286184799475,143,-0.0038608908653259277,-3.259629011154175e-09,3.141592653589793,7.689791666946835e-10,9.813170578389935e-18,-6.05359673500061e-09
2.6,1000,-54.682601168589585,False,True,True,0.0,0.06497161163863727,0.39298293079577123,0.39298282995605105,143,-0.0038608890026807785,-3.026798367500305e-09,3.141592653589793,6.76799716110012e-10,6.998284206616355e-18,-6.05359673500061e-09
2.8,1000,-66.34823853707522,False,True,True,0.0,0.04506860681169327,0.39298299237108997,0.39298289379898194,143,-0.0038608901668339968,-3.259629011154175e-09,3.141592653589793,6.786187033196075e-10,6.218305741414042e-18,-5.122274160385132e-09
3.0,1000,-79.63620139399607,False,True,True,0.0,0.06472948092597063,0.39298279409101566,0.39298283535606104,149,-0.0038608871400356293,1.1641532182693481e-09,3.141592653589793,-2.5336269027734537e-10,9.377290862746252e-19,2.3283064365386963e-09
3.2,1000,-94.38634161644278,False,True,True,0.0,0.05756207886828236,0.3929828723802374,0.3929828659782402,156,-0.003860888769850135,1.6298145055770874e-09,3.141592653589793,-5.080340151377429e-10,5.953063616162932e-18,2.3283064365386963e-09
3.4,1000,-110.44461448895889,False,True,True,0.0,0.12372019092323557,0.3929828103891604,0.3929828513273892,155,-0.0038608871400356293,-4.656612873077393e-10,3.141592653589793,-1.2331451610764523e-10,1.4429716745358555e-18,4.656612873077393e-10
3.6,1000,-127.70088526127265,False,True,True,0.0,0.03966752295206968,0.3929830160698923,0.39298287862342884,162,-0.003860890632495284,-3.259629011154175e-09,3.141592653589793,5.533912273984793e-10,2.586182179795741e-18,-6.05359673500061e-09
3.8,1000,-146.37024087858023,False,True,True,0.0,0.04812672858870123,0.39298281250959355,0.3929828543658247,162,-0.0038608869072049856,-1.862645149230957e-09,3.141592653589793,-1.2328795315827077e-10,4.79113652476327e-18,-3.259629011154175e-09
4.0,1000,-166.3488877038764,False,True,True,0.0,0.07445783032293693,0.3929829640156727,0.39298287739607995,169,-0.0038608897011727095,-2.7939677238464355e-09,3.141592653589793,9.103118050249323e-10,1.9902688920574827e-17,-6.05359673500061e-09
4.2,1000,-187.1616943201206,False,True,True,0.0,0.027874470688402653,0.3929827911390865,0.3929828412383475,162,-0.0038608864415436983,-2.0954757928848267e-09,3.141592653589793,6.719402883362269e-10,1.0690350869025594e-17,-6.05359673500061e-09
4.4,1000,-209.3215927480501,False,True,True,0.0,0.08764813236171703,0.392982860322961,0.3929828730371609,168,-0.0038608883041888475,4.656612873077393e-10,3.141592653589793,-1.0137306990788467e-10,1.5019004005956387e-19,4.656612873077393e-10
4.6,1000,-232.79741447267986,False,True,True,0.0,0.10469562371055814,0.39298296634397945,0.392982866156188,175,-0.0038608897011727095,-3.026798367500305e-09,3.141592653589793,9.921002667052946e-10,2.3765026461985055e-17,-6.05359673500061e-09
4.8,1000,-258.04361466156325,False,True,True,0.0,0.06367247964842201,0.3929830137415855,0.3929829064524816,175,-0.003860890632495284,-3.026798367500305e-09,3.141592653589793,6.342482419768351e-10,5.496880367232324e-18,-6.05359673500061e-09
5.0,1000,-284.5959183724893,False,True,True,0.0,0.04421349744049362,0.39298267834099954,0.39298286167004803,175,-0.00386088527739048,3.259629011154175e-09,3.141592653589793,-6.198804038842548e-10,4.319374921693475e-18,6.05359673500061e-09
5.2,1000,-312.4114562273652,False,True,True,0.0,0.07419544170578461,0.39298274943744704,0.392982850667138,175,-0.003860886674374342,3.259629011154175e-09,3.141592653589793,-9.744918854215582e-10,2.102949217425771e-17,6.05359673500061e-09
5.4,1000,-340.9726338925794,False,True,True,0.0,0.049914056754385816,0.3929829614794976,0.3929828484835284,181,-0.003860889468342066,-3.725290298461914e-09,3.141592653589793,3.9758603791272466e-10,3.1392682662315574e-20,-6.05359673500061e-09
5.6,1000,-370.3812163837803,False,True,True,0.0,0.08452246620252693,0.3929828101812869,0.3929828726138967,181,-0.0038608869072049856,-1.6298145055770874e-09,3.141592653589793,1.86685172958878e-10,2.809332278358471e-20,-6.05359673500061e-09
5.8,1000,-400.3092088903565,False,True,True,0.0,0.08131527819072351,0.39298268066930553,0.3929827879584327,188,-0.00386088527739048,3.026798367500305e-09,3.141592653589793,-6.206320447624851e-10,5.054680328999759e-18,6.05359673500061e-09
6.0,1000,-430.9656029053346,False,True,True,0.0,0.050240331972040385,0.39298280361211535,0.3929828686782445,188,-0.003860887372866273,1.3969838619232178e-09,3.141592653589793,4.870142048925939e-11,1.774724357882858e-18,-4.656612873077393e-10
6.2,1000,-462.25830491080626,False,True,True,0.0,0.0486893832314447,0.3929828747085436,0.39298286886450917,188,-0.003860888769850135,1.3969838619232178e-09,3.141592653589793,4.722341221044503e-10,1.8723069735518953e-17,3.259629011154175e-09
6.4,1000,-495.17050345254285,False,True,True,0.0,0.04804794626622807,0.3929827634072839,0.3929828824235543,188,-0.003860886674374342,1.862645149230957e-09,3.141592653589793,-2.926850578164565e-10,5.66266597485882e-19,2.3283064365386963e-09
6.6,1000,-529.9523727603791,False,True,True,0.0,0.10738162337105742,0.39298284148863744,0.3929828616110067,188,-0.003860888071358204,1.1641532182693481e-09,3.141592653589793,-3.676770862435504e-10,3.1566237128875412e-18,3.259629011154175e-09
6.8,1000,-567.5898774922472,False,True,True,0.0,0.054993365120025735,0.3929829077205755,0.39298285748907963,188,-0.003860889235511422,4.656612873077393e-10,3.141592653589793,-3.203551246330907e-10,3.748020713859942e-18,4.656612873077393e-10
7.0,1000,-605.6234021532393,False,True,True,0.0,0.05880409327171787,0.39298282498261994,0.3929828710905329,194,-0.0038608878385275602,1.6298145055770874e-09,3.141592653589793,-7.654049253746311e-10,1.8145702150524755e-17,1.3969838619232178e-09
7.2,1000,-643.3168689695626,False,True,True,0.0,0.08645311812404369,0.3929829191542376,0.3929828634561899,194,-0.0038608890026807785,-1.862645149230957e-09,3.141592653589793,-1.6659760919049588e-10,6.2255839316977854e-18,-3.259629011154175e-09
7.4,1000,-684.7013674680481,False,True,True,0.0,0.03225577973082226,0.3929829261391577,0.3929828591479958,201,-0.0038608890026807785,-2.561137080192566e-09,3.141592653589793,-4.509036074106625e-10,2.4993674215886482e-17,4.656612873077393e-10
7.6,1000,-731.5282789325213,False,True,True,0.0,0.09802585254888657,0.39298293079577123,0.3929828767865607,201,-0.0038608890026807785,-3.026798367500305e-09,3.141592653589793,4.170350302460693e-10,6.538555139758238e-19,-6.05359673500061e-09
7.8,1000,-776.6781146486858,False,True,True,0.0,0.051500627284433095,0.39298281080490843,0.3929828413738883,201,-0.0038608876056969166,1.862645149230957e-09,3.141592653589793,-2.8343329345741307e-10,4.720885760925609e-19,6.984919309616089e-09
8.0,1000,-818.9100177493891,False,True,True,0.0,0.044888794527197906,0.39298280361211535,0.39298286014667133,201,-0.003860887372866273,1.3969838619232178e-09,3.141592653589793,-8.17920799346517e-10,2.2999282085234994e-17,3.259629011154175e-09
8.2,1000,-860.3524633338462,False,True,True,0.0,0.050326294670643465,0.3929829995638777,0.39298285180136416,201,-0.0038608903996646404,-2.7939677238464355e-09,3.141592653589793,2.4489880801026964e-10,5.950547729877859e-20,-4.190951585769653e-09
8.4,1000,-906.1691601255719,False,True,True,0.0,0.03657060908153653,0.39298279409101566,0.39298283535606104,208,-0.0038608871400356293,1.1641532182693481e-09,3.141592653589793,-2.474385488459703e-10,8.58354300924086e-19,2.3283064365386963e-09
8.6,1000,-951.0272780037557,False,True,True,0.0,0.06548575324052135,0.39298281080490843,0.3929828586316114,208,-0.0038608876056969166,1.862645149230957e-09,3.141592653589793,-1.4531655932787532e-10,8.383675337140695e-20,2.3283064365386963e-09
8.8,1000,-1001.5333438999145,False,True,True,0.0,0.052149832945204685,0.392982916618061,0.3929828761687262,201,-0.003860888769850135,-2.7939677238464355e-09,3.141592653589793,8.252530340413717e-10,1.489795291949292e-17,-6.05359673500061e-09
9.0,1000,-1047.6099403192923,False,True,True,0.0,0.07964645969093641,0.3929828952475598,0.3929827879584327,201,-0.0038608883041888475,-3.026798367500305e-09,3.141592653589793,6.30169857925771e-10,5.362485698484347e-18,-6.05359673500061e-09
9.2,1000,-1101.976135699503,False,True,True,0.0,0.08028359385207295,0.39298288402176895,0.392982884226323,207,-0.003860888769850135,4.656612873077393e-10,3.141592653589793,2.274773791275956e-12,1.1927168795841894e-19,-1.3969838619232178e-09
9.4,1000,-1149.4824626142301,False,True,True,0.0,0.08303187321871519,0.3929827138892249,0.39298285171654923,208,-0.003860885975882411,3.259629011154175e-09,3.141592653589793,-7.119895382162801e-10,7.450828227570052e-18,6.05359673500061e-09
9.6,1000,-1195.1261731499444,False,True,True,0.0,0.08613296784460545,0.39298293079577123,0.3929828314711144,208,-0.0038608890026807785,-3.026798367500305e-09,3.141592653589793,6.881263005086608e-10,7.428448821201655e-18,-6.05359673500061e-09
9.8,1000,-1248.7842923875423,False,True,True,0.0,0.08598829673014595,0.39298300189218455,0.3929828946030783,208,-0.0038608903996646404,-3.026798367500305e-09,3.141592653589793,5.6739622017931e-10,3.503738182793868e-18,-6.05359673500061e-09
10.0,1000,-1325.8234516616953,False,True,True,0.0,0.047601397015366455,0.39298296888015455,0.39298284311759785,214,-0.003860889934003353,-2.0954757928848267e-09,3.141592653589793,8.328128984350777e-11,7.971587925101089e-19,-2.3283064365386963e-09
